date,APP,ACH,ACC,APD,RE,FI,CO,year,month,month_name,period,mom_growth_pct,yoy_growth_pct,rolling_3m,rolling_12m,cumulative_APP,app_to_re_pct
2022-01-01,1038,106,69,10,13,10,3,2022,1,Jan,2022-01,,,1038.0,1038.0,1038,1.2524084778420037
2022-02-01,615,103,68,35,8,8,6,2022,2,Feb,2022-02,-40.7514450867052,,826.5,826.5,1653,1.3008130081300813
2022-03-01,1184,237,124,30,7,7,1,2022,3,Mar,2022-03,92.52032520325204,,945.6666666666666,945.6666666666666,2837,0.5912162162162162
2022-04-01,1208,230,127,53,9,10,2,2022,4,Apr,2022-04,2.0270270270270174,,1002.3333333333334,1011.25,4045,0.7450331125827815
2022-05-01,1537,205,141,78,14,7,6,2022,5,May,2022-05,27.23509933774835,,1309.6666666666667,1116.4,5582,0.9108653220559532
2022-06-01,1225,159,105,52,37,13,11,2022,6,Jun,2022-06,-20.299284320104093,,1323.3333333333333,1134.5,6807,3.0204081632653064
2022-07-01,1042,132,89,42,101,30,19,2022,7,Jul,2022-07,-14.938775510204083,,1268.0,1121.2857142857142,7849,9.692898272552783
2022-08-01,1167,119,68,44,69,92,71,2022,8,Aug,2022-08,11.99616122840692,,1144.6666666666667,1127.0,9016,5.912596401028278
2022-09-01,1102,133,99,40,42,55,27,2022,9,Sep,2022-09,-5.569837189374461,,1103.6666666666667,1124.2222222222222,10118,3.8112522686025407
2022-10-01,1191,152,87,39,21,28,14,2022,10,Oct,2022-10,8.076225045372043,,1153.3333333333333,1130.9,11309,1.7632241813602016
2022-11-01,1485,240,152,59,17,23,12,2022,11,Nov,2022-11,24.685138539042818,,1259.3333333333333,1163.090909090909,12794,1.144781144781145
2022-12-01,1080,204,152,50,28,19,12,2022,12,Dec,2022-12,-27.27272727272727,,1252.0,1156.1666666666667,13874,2.5925925925925926
2023-01-01,845,76,55,27,49,26,16,2023,1,Jan,2023-01,-21.759259259259256,-18.593448940269752,1136.6666666666667,1140.0833333333333,14719,5.798816568047338
2023-02-01,940,138,81,41,37,30,12,2023,2,Feb,2023-02,11.242603550295849,52.845528455284565,955.0,1167.1666666666667,15659,3.9361702127659575
2023-03-01,2050,442,279,116,22,53,34,2023,3,Mar,2023-03,118.08510638297874,73.14189189189189,1278.3333333333333,1239.3333333333333,17709,1.0731707317073171
2023-04-01,1622,334,200,93,22,26,8,2023,4,Apr,2023-04,-20.878048780487802,34.27152317880795,1537.3333333333333,1273.8333333333333,19331,1.3563501849568433
2023-05-01,1507,278,213,107,31,13,6,2023,5,May,2023-05,-7.09001233045623,-1.951854261548469,1726.3333333333333,1271.3333333333333,20838,2.05706702057067
2023-06-01,1406,175,119,59,119,32,15,2023,6,Jun,2023-06,-6.702057067020572,14.775510204081632,1511.6666666666667,1286.4166666666667,22244,8.463726884779517
2023-07-01,1223,140,90,70,159,93,51,2023,7,Jul,2023-07,-13.015647226173543,17.37044145873321,1378.6666666666667,1301.5,23467,13.000817661488142
2023-08-01,1296,128,89,28,94,161,100,2023,8,Aug,2023-08,5.968928863450529,11.053984575835486,1308.3333333333333,1312.25,24763,7.253086419753087
2023-09-01,1263,217,142,46,57,120,84,2023,9,Sep,2023-09,-2.546296296296291,14.609800362976411,1260.6666666666667,1325.6666666666667,26026,4.513064133016627
2023-10-01,1130,182,108,33,22,54,31,2023,10,Oct,2023-10,-10.530482977038801,-5.121746431570107,1229.6666666666667,1320.5833333333333,27156,1.9469026548672566
2023-11-01,1242,235,158,64,17,27,12,2023,11,Nov,2023-11,9.911504424778773,-16.36363636363637,1211.6666666666667,1300.3333333333333,28398,1.3687600644122384
2023-12-01,987,180,115,53,35,17,5,2023,12,Dec,2023-12,-20.531400966183575,-8.611111111111114,1119.6666666666667,1292.5833333333333,29385,3.546099290780142
2024-01-01,1018,139,87,30,36,36,27,2024,1,Jan,2024-01,3.1408308004052587,20.47337278106509,1082.3333333333333,1307.0,30403,3.536345776031434
2024-02-01,1277,177,130,66,27,29,19,2024,2,Feb,2024-02,25.442043222003917,35.85106382978724,1094.0,1335.0833333333333,31680,2.11433046202036
2024-03-01,2109,388,231,111,18,31,19,2024,3,Mar,2024-03,65.15270164447924,2.8780487804878074,1468.0,1340.0,33789,0.8534850640113799
2024-04-01,1796,315,183,101,12,33,21,2024,4,Apr,2024-04,-14.841156946420108,10.727496917385949,1727.3333333333333,1354.5,35585,0.6681514476614699
2024-05-01,2036,286,198,120,65,15,7,2024,5,May,2024-05,13.363028953229406,35.10285335102854,1980.3333333333333,1398.5833333333333,37621,3.192534381139489
2024-06-01,1463,187,124,84,76,42,22,2024,6,Jun,2024-06,-28.14341846758349,4.054054054054057,1765.0,1403.3333333333333,39084,5.194805194805195
2024-07-01,1303,168,124,75,181,84,52,2024,7,Jul,2024-07,-10.936431989063566,6.54129190515127,1600.6666666666667,1410.0,40387,13.891020721412126
2024-08-01,1252,125,80,40,106,162,120,2024,8,Aug,2024-08,-3.914044512663084,-3.3950617283950657,1339.3333333333333,1406.3333333333333,41639,8.466453674121405
2024-09-01,1349,227,135,50,37,92,55,2024,9,Sep,2024-09,7.747603833865813,6.809184481393515,1301.3333333333333,1413.5,42988,2.742772424017791
2024-10-01,1412,270,170,63,43,72,49,2024,10,Oct,2024-10,4.670126019273546,24.95575221238937,1337.6666666666667,1437.0,44400,3.045325779036827
2024-11-01,1432,294,189,93,24,46,30,2024,11,Nov,2024-11,1.4164305949008416,15.297906602254429,1397.6666666666667,1452.8333333333333,45832,1.675977653631285
2024-12-01,1192,227,149,68,66,21,11,2024,12,Dec,2024-12,-16.759776536312852,20.77001013171227,1345.3333333333333,1469.9166666666667,47024,5.5369127516778525
2025-01-01,1193,115,80,19,29,60,36,2025,1,Jan,2025-01,0.0838926174496546,17.19056974459725,1272.3333333333333,1484.5,48217,2.4308466051969826
2025-02-01,1293,238,168,107,41,42,25,2025,2,Feb,2025-02,8.382229673093033,1.2529365700861383,1226.0,1485.8333333333333,49510,3.17092034029389
2025-03-01,1804,288,188,75,27,26,17,2025,3,Mar,2025-03,39.520494972931175,-14.461830251303931,1430.0,1460.4166666666667,51314,1.4966740576496673
2025-04-01,2245,346,219,93,14,33,16,2025,4,Apr,2025-04,24.44567627494456,25.0,1780.6666666666667,1497.8333333333333,53559,0.623608017817372
2025-05-01,1744,270,191,97,59,22,9,2025,5,May,2025-05,-22.316258351893094,-14.341846758349707,1931.0,1473.5,55303,3.38302752293578
2025-06-01,1158,152,116,67,91,38,22,2025,6,Jun,2025-06,-33.600917431192656,-20.847573479152427,1715.6666666666667,1448.0833333333333,56461,7.858376511226252
2025-07-01,1253,162,121,71,148,106,78,2025,7,Jul,2025-07,8.203799654576848,-3.8372985418265504,1385.0,1443.9166666666667,57714,11.811652035115722
2025-08-01,2025,155,112,58,60,121,69,2025,8,Aug,2025-08,61.612130885873896,61.74121405750799,1478.6666666666667,1508.3333333333333,59739,2.9629629629629632
2025-09-01,1660,231,167,76,58,73,48,2025,9,Sep,2025-09,-18.02469135802469,23.05411415863603,1646.0,1534.25,61399,3.493975903614458
2025-10-01,1716,304,215,125,11,53,35,2025,10,Oct,2025-10,3.3734939759036076,21.52974504249292,1800.3333333333333,1559.5833333333333,63115,0.641025641025641
2025-11-01,1781,206,135,96,25,39,21,2025,11,Nov,2025-11,3.7878787878787845,24.37150837988826,1719.0,1588.6666666666667,64896,1.403705783267827
2025-12-01,1357,221,175,106,60,23,15,2025,12,Dec,2025-12,-23.80685008422234,13.84228187919463,1618.0,1602.4166666666667,66253,4.421518054532056
